VILLAGE,Latitude,Longitude,Ca,ACTUAL_Ca,Mg,ACTUAL_Mg,Cl,ACTUAL_Cl,SO4,ACTUAL_SO4,NO3,ACTUAL_NO3,F,ACTUAL_F,TDS,ACTUAL_TDS,pH,ACTUAL_pH,RASTERVALU,cluster,risk_level,contaminant_1,contaminant_2,contaminant_3,disease_1,disease_2,disease_3
Asurchhapal,22.1769,84.8839,38,0,25.5,0,147,0,96.2,0,9.6,0,0.9,0,916,1,8.0,0,132,1,High Risk,F,Mg,Cl,Skeletal fluorosis,Dental fluorosis,Joint pain
Badibahal,21.9773,83.6564,40,0,13.4,0,57,0,2.0,0,6.2,0,0.2,0,203,0,7.8,0,84,2,Low Risk,Mg,Ca,F,Skeletal fluorosis,Blue baby syndrome,Methemoglobinemia
Badmal,22.3393,84.4425,22,0,17.0,0,32,0,9.6,0,23.2,0,0.3,0,174,0,8.0,0,126,2,Low Risk,NO3,Mg,F,Blue baby syndrome,Methemoglobinemia,Thyroid problems
Bagiaberni,22.3872,84.0482,22,0,12.2,0,22,0,56.7,0,1.6,0,0.4,0,257,0,7.8,0,142,0,Medium Risk,F,Mg,SO4,Skeletal fluorosis,Dental fluorosis,Diarrhea
Bakartola,21.9947,85.0236,42,0,19.4,0,37,0,6.2,0,4.7,0,0.2,0,226,0,7.5,0,129,0,Medium Risk,Mg,Ca,F,Diarrhea,Muscle weakness,Skeletal fluorosis
Bandega,22.4976,84.0396,22,0,35.2,1,42,0,3.7,0,5.9,0,0.5,0,217,0,8.0,0,140,0,Medium Risk,Mg,F,NO3,Skeletal fluorosis,Diarrhea,Muscle weakness
Bandhberna,21.7839,85.0039,14,0,9.7,0,10,0,5.5,0,3.5,0,0.1,0,81,0,7.9,0,159,2,Low Risk,Mg,NO3,Ca,Diarrhea,Blue baby syndrome,Muscle weakness
Bandhpali,22.1078,83.9881,42,0,29.2,0,85,0,7.6,0,20.7,0,0.3,0,374,0,8.1,0,142,0,Medium Risk,NO3,Mg,Ca,Blue baby syndrome,Methemoglobinemia,Thyroid problems
Basjore,22.3678,84.8328,20,0,12.2,0,11,0,5.9,0,0.1,0,0.2,0,116,0,7.8,0,168,2,Low Risk,Mg,F,Ca,Skeletal fluorosis,Diarrhea,Dental fluorosis
Bhalulata,22.2274,84.9821,34,0,8.5,0,30,0,13.2,0,1.4,0,0.4,0,192,0,8.2,0,140,2,Low Risk,F,Ca,Mg,Skeletal fluorosis,Dental fluorosis,Joint pain
Bheluantikra,21.8896,83.7823,20,0,8.5,0,20,0,0.0,0,6.1,0,0.1,0,108,0,7.9,0,112,2,Low Risk,NO3,Mg,Ca,Blue baby syndrome,Methemoglobinemia,Thyroid problems
Bhoagra,21.8061,85.0128,50,0,30.4,1,80,0,27.5,0,36.5,0,0.2,0,344,0,8.3,0,139,0,Medium Risk,NO3,Mg,Ca,Blue baby syndrome,Methemoglobinemia,Thyroid problems
Bhojpur,22.147,84.1682,30,0,14.6,0,38,0,5.2,0,7.2,0,0.3,0,159,0,7.9,0,129,2,Low Risk,Mg,F,NO3,Skeletal fluorosis,Dental fluorosis,Blue baby syndrome
Bilaimunda,22.0429,83.6221,56,0,23.1,0,72,0,9.1,0,15.4,0,0.2,0,322,0,8.0,0,110,0,Medium Risk,Mg,NO3,Ca,Blue baby syndrome,Methemoglobinemia,Thyroid problems
Birbira,22.0701,84.2059,22,0,76.5,1,140,0,49.2,0,47.6,1,0.4,0,500,0,8.1,0,105,1,High Risk,Mg,NO3,F,Blue baby syndrome,Methemoglobinemia,Thyroid problems
Bishpur,22.3866,84.6483,26,0,7.3,0,45,0,3.1,0,33.3,0,0.1,0,186,0,7.9,0,166,2,Low Risk,NO3,Ca,Mg,Blue baby syndrome,Methemoglobinemia,Thyroid problems
Dasrajpur,22.1644,84.1357,44,0,15.8,0,45,0,8.3,0,0.2,0,0.2,0,232,0,8.2,0,104,2,Low Risk,Mg,Ca,F,Diarrhea,Skeletal fluorosis,Kidney stones
Deobhuvanpur,22.2893,83.9139,42,0,4.9,0,28,0,23.7,0,6.7,0,0.9,0,182,0,8.1,0,142,2,Low Risk,F,Ca,NO3,Skeletal fluorosis,Dental fluorosis,Joint pain
Dimrikada,21.8178,84.9297,46,0,41.3,1,75,0,65.5,0,10.4,0,0.4,0,346,0,8.1,0,124,0,Medium Risk,Mg,F,Ca,Diarrhea,Muscle weakness,Skeletal fluorosis
Duduka,22.0243,83.808,46,0,42.5,1,102,0,50.0,0,42.0,0,0.4,0,410,0,8.2,0,124,0,Medium Risk,NO3,Mg,F,Blue baby syndrome,Methemoglobinemia,Thyroid problems
Fakir munda,21.9736,85.0006,64,0,9.7,0,65,0,16.3,0,32.8,0,0.2,0,348,0,7.9,0,155,0,Medium Risk,NO3,Ca,Mg,Blue baby syndrome,Methemoglobinemia,Thyroid problems
Gadarua,21.7994,85.0242,36,0,12.2,0,27,0,16.3,0,9.0,0,0.1,0,184,0,8.2,0,137,2,Low Risk,NO3,Mg,Ca,Blue baby syndrome,Methemoglobinemia,Thyroid problems
Gadiajore,22.0424,84.1455,30,0,2.4,0,10,0,3.0,0,1.7,0,0.1,0,101,0,8.0,0,118,2,Low Risk,Ca,F,NO3,Kidney stones,Skeletal fluorosis,Dental fluorosis
Gaibira,22.2962,84.1172,28,0,4.9,0,14,0,1.4,0,10.5,0,0.1,0,106,0,8.0,0,131,2,Low Risk,NO3,Ca,Mg,Blue baby syndrome,Methemoglobinemia,Thyroid problems
Gangajal,22.2219,84.3725,28,0,9.7,0,47,0,43.6,0,43.1,0,0.3,0,250,0,7.7,0,129,0,Medium Risk,NO3,F,Mg,Blue baby syndrome,Methemoglobinemia,Thyroid problems
Giringkela,22.1335,83.7798,36,0,9.7,0,19,0,0.7,0,27.1,0,0.4,0,155,0,8.0,0,116,2,Low Risk,NO3,F,Ca,Blue baby syndrome,Methemoglobinemia,Thyroid problems
Gopalpur,22.1025,84.8989,22,0,36.5,1,1,0,10.7,0,6.3,0,0.3,0,234,0,8.0,0,113,0,Medium Risk,Mg,F,NO3,Diarrhea,Muscle weakness,Skeletal fluorosis
Gopalpur,22.0497,83.7051,68,0,19.4,0,75,0,13.1,0,44.3,0,0.4,0,412,0,7.9,0,120,0,Medium Risk,NO3,Ca,Mg,Blue baby syndrome,Methemoglobinemia,Thyroid problems
Jamudih,21.9897,85.1136,24,0,4.9,0,10,0,5.4,0,0.8,0,0.6,0,187,0,7.4,0,133,0,Medium Risk,F,Ca,Mg,Skeletal fluorosis,Dental fluorosis,Joint pain
Jamudih,21.99,85.1103,46,0,15.8,0,40,0,11.9,0,2.7,0,0.1,0,219,0,8.3,0,131,2,Low Risk,Mg,Ca,Cl,Diarrhea,Kidney stones,Muscle weakness
Jatrapadia,21.8847,84.9378,36,0,57.1,1,90,0,58.7,0,34.8,0,0.2,0,435,0,7.3,0,140,0,Medium Risk,Mg,NO3,Ca,Blue baby syndrome,Methemoglobinemia,Diarrhea
Jhagarpur,22.2289,84.6019,44,0,70.5,1,310,1,48.7,0,44.8,0,0.3,0,778,1,8.1,0,125,1,High Risk,Mg,NO3,Cl,Blue baby syndrome,Methemoglobinemia,Thyroid problems
Jhariapali,22.0866,83.8941,30,0,15.8,0,27,0,16.2,0,8.1,0,0.4,0,177,0,8.1,0,152,2,Low Risk,F,Mg,NO3,Skeletal fluorosis,Dental fluorosis,Joint pain
Jharpada,22.3953,84.9153,38,0,10.9,0,7,0,2.2,0,13.7,0,0.4,0,232,0,8.3,0,165,2,Low Risk,NO3,F,Ca,Blue baby syndrome,Skeletal fluorosis,Methemoglobinemia
Jodabandh,22.2578,85.0094,26,0,14.6,0,11,0,1.3,0,19.6,0,0.4,0,139,0,7.9,0,143,2,Low Risk,NO3,F,Mg,Blue baby syndrome,Methemoglobinemia,Thyroid problems
Kanika,21.8799,83.7355,14,0,41.3,1,72,0,16.1,0,12.7,0,0.3,0,272,0,8.2,0,104,0,Medium Risk,Mg,NO3,F,Diarrhea,Muscle weakness,Blue baby syndrome
Katingidihi,22.1915,84.1098,40,0,6.1,0,37,0,4.5,0,4.1,0,0.1,0,194,0,7.9,0,163,2,Low Risk,Ca,Mg,NO3,Kidney stones,Blue baby syndrome,Methemoglobinemia
Kendughati,22.1003,84.9606,22,0,86.3,1,47,0,73.6,0,42.8,0,0.7,0,543,1,7.6,0,130,1,High Risk,Mg,NO3,F,Blue baby syndrome,Methemoglobinemia,Diarrhea
Khamarimunda,22.2166,83.9432,28,0,9.7,0,17,0,7.2,0,1.0,0,0.3,0,134,0,8.3,0,122,2,Low Risk,F,Mg,Ca,Skeletal fluorosis,Dental fluorosis,Joint pain
Kharalchhapal,22.2517,83.8549,42,0,15.8,0,12,0,3.6,0,3.5,0,0.2,0,207,0,7.4,0,114,0,Medium Risk,Mg,Ca,F,Skeletal fluorosis,Diarrhea,Kidney stones
Kinjrikela,22.1948,84.2904,22,0,4.9,0,15,0,6.6,0,8.5,0,1.1,1,119,0,8.0,0,117,2,Low Risk,F,NO3,Ca,Skeletal fluorosis,Dental fluorosis,Joint pain
Kinjrima,22.0095,84.0985,26,0,3.6,0,18,0,3.0,0,7.7,0,0.2,0,102,0,7.8,0,134,2,Low Risk,NO3,F,Ca,Blue baby syndrome,Methemoglobinemia,Skeletal fluorosis
Koelijhar,21.9689,84.8581,34,0,26.7,0,112,0,0.5,0,46.2,1,0.3,0,315,0,7.7,0,119,0,Medium Risk,NO3,Mg,F,Blue baby syndrome,Methemoglobinemia,Thyroid problems
Koiradi,21.935,84.9178,36,0,20.7,0,22,0,8.7,0,2.2,0,0.2,0,190,0,8.3,0,142,2,Low Risk,Mg,Ca,F,Diarrhea,Muscle weakness,Skeletal fluorosis
Kuanrkela,22.0107,83.6264,24,0,18.2,0,25,0,9.8,0,2.5,0,0.1,0,178,0,8.1,0,94,2,Low Risk,Mg,Ca,F,Diarrhea,Muscle weakness,Kidney stones
Kuarmunda,22.2764,84.7694,42,0,20.7,0,75,0,4.2,0,42.6,0,0.3,0,357,0,7.7,0,169,0,Medium Risk,NO3,Mg,Ca,Blue baby syndrome,Methemoglobinemia,Thyroid problems
Kucheta,22.0883,84.9047,64,0,51.0,1,145,0,72.2,0,42.9,0,0.3,0,567,1,8.1,0,133,1,High Risk,NO3,Mg,Ca,Blue baby syndrome,Methemoglobinemia,Thyroid problems
Kukdagate,22.2406,84.9581,28,0,10.9,0,110,0,26.0,0,31.4,0,0.2,0,378,0,8.1,0,168,0,Medium Risk,NO3,Cl,Mg,Blue baby syndrome,Methemoglobinemia,Thyroid problems
Kulabira,22.0943,83.8225,34,0,14.6,0,25,0,14.9,0,21.6,0,1.0,0,196,0,8.2,0,106,2,Low Risk,F,NO3,Mg,Skeletal fluorosis,Dental fluorosis,Joint pain
Kurda,21.8156,85.0017,64,0,13.4,0,30,0,2.6,0,5.0,0,0.4,0,260,0,8.0,0,149,2,Low Risk,Ca,F,Mg,Skeletal fluorosis,Dental fluorosis,Kidney stones
Kurumker,22.3007,84.1589,40,0,43.7,1,122,0,86.3,0,38.0,0,0.2,0,585,1,7.4,0,116,1,High Risk,NO3,Mg,SO4,Blue baby syndrome,Methemoglobinemia,Thyroid problems
Kusumdegi,22.2495,84.3635,40,0,2.0,0,22,0,25.4,0,7.2,0,0.3,0,180,0,7.9,0,114,2,Low Risk,F,Ca,NO3,Skeletal fluorosis,Dental fluorosis,Blue baby syndrome
Lahandabud,22.0926,84.1698,18,0,3.6,0,7,0,1.5,0,8.0,0,0.2,0,80,0,7.8,0,105,2,Low Risk,NO3,F,Ca,Blue baby syndrome,Methemoglobinemia,Skeletal fluorosis
Laing,22.2378,84.6469,26,0,58.3,1,117,0,115.8,0,47.3,1,1.4,1,577,1,8.1,0,135,1,High Risk,NO3,F,Mg,Blue baby syndrome,Skeletal fluorosis,Methemoglobinemia
Lalei Chhak,21.8169,84.9833,30,0,49.8,1,60,0,41.0,0,28.4,0,0.3,0,325,0,8.1,0,157,0,Medium Risk,Mg,NO3,F,Blue baby syndrome,Methemoglobinemia,Diarrhea
Lalei Village,21.8222,84.9722,32,0,62.0,1,140,0,25.6,0,3.7,0,0.4,0,459,0,7.4,0,149,0,Medium Risk,Mg,F,Cl,Diarrhea,Muscle weakness,Skeletal fluorosis
Lamsi,21.9211,84.9436,48,0,48.6,1,132,0,5.9,0,8.4,0,0.3,0,366,0,7.3,0,152,0,Medium Risk,Mg,Ca,Cl,Diarrhea,Muscle weakness,Skeletal fluorosis
Lathikata,22.135,84.8831,62,0,10.9,0,30,0,27.9,0,3.4,0,0.3,0,252,0,7.3,0,160,0,Medium Risk,Ca,F,Mg,Skeletal fluorosis,Kidney stones,Dental fluorosis
Limda,22.3941,84.9425,48,0,13.4,0,87,0,32.2,0,6.6,0,0.5,0,322,0,7.3,0,167,0,Medium Risk,F,Ca,Mg,Skeletal fluorosis,Dental fluorosis,Joint pain
Ludhini,21.9334,84.8747,28,0,8.5,0,10,0,0.0,0,12.6,0,0.4,0,114,0,8.1,0,117,2,Low Risk,F,NO3,Ca,Skeletal fluorosis,Blue baby syndrome,Methemoglobinemia
Luhanipada,21.8667,84.9256,36,0,6.1,0,35,0,8.7,0,14.4,0,0.2,0,163,0,8.2,0,128,2,Low Risk,NO3,Ca,F,Blue baby syndrome,Methemoglobinemia,Thyroid problems
Majhapada,22.0234,84.1899,20,0,9.7,0,10,0,2.8,0,12.0,0,0.2,0,124,0,8.2,0,94,2,Low Risk,NO3,Mg,F,Blue baby syndrome,Methemoglobinemia,Thyroid problems
Nuadihi,22.0279,83.6182,26,0,72.9,1,142,0,14.6,0,36.6,0,0.2,0,562,1,8.0,0,102,1,High Risk,Mg,NO3,Cl,Blue baby syndrome,Methemoglobinemia,Diarrhea
Nuagan,22.3127,84.3931,46,0,58.3,1,155,0,30.8,0,6.6,0,0.3,0,552,1,7.9,0,116,1,High Risk,Mg,Cl,Ca,Diarrhea,Muscle weakness,Skeletal fluorosis
Nuagaon,22.23,84.7117,32,0,35.2,1,5,0,8.4,0,2.8,0,0.9,0,313,0,8.0,0,180,0,Medium Risk,F,Mg,Ca,Skeletal fluorosis,Dental fluorosis,Joint pain
Nuagaon,22.3931,84.9506,24,0,58.3,1,97,0,118.4,0,45.9,1,0.4,0,555,1,8.1,0,167,1,High Risk,NO3,Mg,SO4,Blue baby syndrome,Methemoglobinemia,Thyroid problems
Pamra,22.2578,84.3066,26,0,37.7,1,125,0,6.8,0,45.3,1,0.1,0,414,0,7.8,0,145,0,Medium Risk,NO3,Mg,Cl,Blue baby syndrome,Methemoglobinemia,Thyroid problems
Panchra,22.2795,84.3725,22,0,42.5,1,154,0,112.7,0,23.4,0,0.3,0,579,1,8.0,0,126,1,High Risk,Mg,NO3,SO4,Diarrhea,Blue baby syndrome,Methemoglobinemia
Philingibahal,22.0446,84.2291,24,0,19.4,0,4,0,20.6,0,9.4,0,0.1,0,208,0,7.7,0,102,2,Low Risk,Mg,NO3,Ca,Blue baby syndrome,Diarrhea,Methemoglobinemia
Purnapani,21.9483,84.8669,32,0,74.1,1,185,0,19.5,0,48.1,1,0.5,0,508,1,7.9,0,120,1,High Risk,Mg,NO3,F,Blue baby syndrome,Methemoglobinemia,Thyroid problems
Purnapani,22.4031,84.8717,30,0,32.8,1,33,0,5.7,0,5.9,0,0.4,0,222,0,8.0,0,133,0,Medium Risk,Mg,F,Ca,Diarrhea,Skeletal fluorosis,Muscle weakness
Putrikhaman,22.3403,84.8008,26,0,6.1,0,2,0,4.4,0,1.4,0,0.1,0,112,0,8.1,0,176,2,Low Risk,Ca,Mg,F,Kidney stones,Skeletal fluorosis,Diarrhea
PWD IB,21.8078,84.9658,28,0,9.7,0,22,0,6.8,0,1.6,0,0.8,0,183,0,8.2,0,121,2,Low Risk,F,Mg,Ca,Skeletal fluorosis,Dental fluorosis,Joint pain
Rajgangpur,22.1894,84.5789,50,0,142.2,1,227,0,107.9,0,46.0,1,0.8,0,984,1,7.5,0,119,1,High Risk,Mg,NO3,F,Diarrhea,Muscle weakness,Blue baby syndrome
Raksi,22.0047,85.0822,50,0,23.1,0,50,0,25.2,0,11.3,0,0.2,0,292,0,7.3,0,135,0,Medium Risk,Mg,Ca,NO3,Blue baby syndrome,Diarrhea,Methemoglobinemia
Ramjhodi,22.1478,84.9528,28,0,47.4,1,42,0,25.0,0,5.0,0,0.6,0,309,0,7.5,0,160,0,Medium Risk,Mg,F,Ca,Diarrhea,Skeletal fluorosis,Muscle weakness
Rangmati,21.8069,85.0539,52,0,25.5,0,22,0,8.2,0,4.3,0,0.2,0,267,0,7.4,0,118,0,Medium Risk,Mg,Ca,F,Diarrhea,Muscle weakness,Kidney stones
Rasipatra,22.2866,84.0809,14,0,65.6,1,110,0,73.0,0,39.4,0,0.3,0,442,0,8.1,0,125,0,Medium Risk,Mg,NO3,F,Blue baby syndrome,Methemoglobinemia,Diarrhea
Rasti,22.3178,83.9136,56,0,26.7,0,105,0,62.0,0,44.5,0,0.4,0,405,0,8.0,0,142,0,Medium Risk,NO3,Mg,Ca,Blue baby syndrome,Methemoglobinemia,Thyroid problems
Sagadiposh,21.9053,84.9408,38,0,14.6,0,32,0,38.4,0,7.6,0,0.4,0,208,0,7.3,0,160,0,Medium Risk,F,Mg,Ca,Skeletal fluorosis,Dental fluorosis,Joint pain
Sagbahal,22.4643,84.0855,18,0,25.5,0,80,0,5.9,0,4.4,0,0.4,0,319,0,8.2,0,140,0,Medium Risk,Mg,F,Cl,Skeletal fluorosis,Diarrhea,Dental fluorosis
Sahajbahal,22.2232,84.2855,34,0,12.2,0,42,0,3.2,0,10.5,0,0.4,0,158,0,7.9,0,127,2,Low Risk,F,NO3,Mg,Skeletal fluorosis,Blue baby syndrome,Methemoglobinemia
salaipalli,21.9358,84.8969,28,0,1.2,0,15,0,4.9,0,5.6,0,0.1,0,100,0,7.9,0,150,2,Low Risk,Ca,NO3,F,Blue baby syndrome,Methemoglobinemia,Thyroid problems
Saraitali,22.3217,84.965,28,0,40.1,1,65,0,21.6,0,43.0,0,0.5,0,328,0,8.0,0,157,0,Medium Risk,NO3,Mg,F,Blue baby syndrome,Methemoglobinemia,Thyroid problems
Sargigad,22.0833,84.9181,24,0,8.5,0,12,0,8.9,0,4.4,0,0.2,0,115,0,7.9,0,108,2,Low Risk,F,Mg,Ca,Skeletal fluorosis,Dental fluorosis,Joint pain
Sarubahal,22.2697,84.9919,30,0,6.1,0,17,0,5.2,0,1.5,0,0.6,0,109,0,7.9,0,145,2,Low Risk,F,Ca,Mg,Skeletal fluorosis,Dental fluorosis,Joint pain
Selangabud,22.1142,84.1476,36,0,38.9,1,44,0,45.5,0,24.9,0,0.9,0,339,0,8.1,0,123,0,Medium Risk,F,Mg,NO3,Skeletal fluorosis,Blue baby syndrome,Methemoglobinemia
Simdega,22.3194,84.1537,24,0,9.7,0,22,0,25.6,0,2.0,0,0.2,0,152,0,7.8,0,116,2,Low Risk,Mg,F,Ca,Skeletal fluorosis,Diarrhea,Dental fluorosis
Sonaparvat,22.1703,84.8878,46,0,21.9,0,60,0,35.6,0,41.9,0,0.4,0,319,0,8.2,0,132,0,Medium Risk,NO3,Mg,F,Blue baby syndrome,Methemoglobinemia,Thyroid problems
Sudarshanpur,22.2282,84.1103,12,0,23.1,0,45,0,16.7,0,8.6,0,0.8,0,233,0,8.0,0,147,2,Low Risk,F,Mg,NO3,Skeletal fluorosis,Dental fluorosis,Joint pain
Surguda,22.1016,83.8479,46,0,4.9,0,30,0,-0.4,0,7.5,0,0.2,0,177,0,8.0,0,108,2,Low Risk,Ca,NO3,F,Blue baby syndrome,Methemoglobinemia,Kidney stones
Talabahari,21.7931,85.0692,42,0,10.9,0,17,0,11.6,0,0.4,0,0.1,0,193,0,8.3,0,131,2,Low Risk,Ca,Mg,F,Kidney stones,Diarrhea,Muscle weakness
Tangargaon,22.3592,84.2135,26,0,13.4,0,32,0,7.2,0,0.7,0,0.4,0,164,0,7.9,0,116,2,Low Risk,F,Mg,Ca,Skeletal fluorosis,Dental fluorosis,Joint pain
Taparia,22.029,83.5592,26,0,15.8,0,40,0,2.0,0,3.0,0,0.3,0,206,0,8.0,0,110,2,Low Risk,Mg,F,Ca,Skeletal fluorosis,Dental fluorosis,Joint pain
Tarkera,22.3462,84.4953,36,0,19.4,0,52,0,15.0,0,41.9,0,0.2,0,265,0,8.0,0,126,0,Medium Risk,NO3,Mg,Ca,Blue baby syndrome,Methemoglobinemia,Thyroid problems
Tasladihi,22.1272,83.9686,24,0,19.4,0,35,0,6.6,0,39.8,0,0.1,0,189,0,7.6,0,142,0,Medium Risk,NO3,Mg,Ca,Blue baby syndrome,Methemoglobinemia,Thyroid problems
Telendihi,22.1451,83.7669,30,0,2.4,0,15,0,4.9,0,3.4,0,0.2,0,135,0,8.0,0,112,2,Low Risk,Ca,F,NO3,Skeletal fluorosis,Dental fluorosis,Joint pain
Tildega,22.3198,83.9424,48,0,41.3,1,65,0,23.3,0,8.1,0,0.7,0,403,0,8.3,0,130,0,Medium Risk,Mg,F,Ca,Skeletal fluorosis,Diarrhea,Dental fluorosis
Timna,22.2971,84.3356,18,0,13.4,0,27,0,2.9,0,3.1,0,0.1,0,116,0,7.8,0,153,2,Low Risk,Mg,Ca,F,Diarrhea,Muscle weakness,Skeletal fluorosis
Tumlia,22.3169,84.0862,24,0,47.4,1,7,0,31.7,0,44.2,0,0.3,0,374,0,8.1,0,153,0,Medium Risk,NO3,Mg,F,Blue baby syndrome,Methemoglobinemia,Thyroid problems
Ujjalpur,22.0834,83.9206,40,0,20.7,0,250,0,12.2,0,48.0,1,0.2,0,646,1,7.9,0,149,1,High Risk,NO3,Cl,Mg,Blue baby syndrome,Methemoglobinemia,Thyroid problems
